{
  "label": "ceiling",
  "n_concepts": 130,
  "rho": 0.9318375621632451,
  "null_mean": 0.0002264041925190087,
  "null_sd": 0.04221696559706075,
  "p": 0.0001999600079984003
}