{
  "label": "floor_H-M",
  "n_concepts": 130,
  "rho": 0.4916823568924831,
  "null_mean": -0.0004907294339027735,
  "null_sd": 0.07782017569069173,
  "p": 0.0001999600079984003
}