{
  "label": "H-M",
  "n_concepts": 130,
  "rho": 0.5053173510025291,
  "null_mean": 0.00034398787213136737,
  "null_sd": 0.04424396324093542,
  "p": 0.0001999600079984003
}