{
  "label": "ceiling_H",
  "n_concepts": 130,
  "rho": 0.9349179556049528,
  "null_mean": 0.00019917050800920562,
  "null_sd": 0.042869332919336,
  "p": 0.0001999600079984003
}