{
  "label": "H-M",
  "n_concepts": 130,
  "rho_trained": 0.5053173510025291,
  "rho_floor": 0.4916823568924831,
  "delta": 0.013634994110045984,
  "ci_lo": -0.12402292086455849,
  "ci_hi": 0.1484372929177882,
  "boots": 1000,
  "ci_excludes_zero": false
}