{
  "label": "floor_H-B",
  "n_concepts": 130,
  "rho": 0.31520149138459574,
  "null_mean": 0.001299132186724959,
  "null_sd": 0.07979355875517474,
  "p": 0.0003999200159968006
}