{
  "label": "H-B",
  "n_concepts": 130,
  "rho_trained": 0.5099402425705264,
  "rho_floor": 0.31520149138459574,
  "delta": 0.19473875118593065,
  "ci_lo": 0.03578138700736412,
  "ci_hi": 0.34991876202999866,
  "boots": 1000,
  "ci_excludes_zero": true
}