{
  "label": "floor_M-B",
  "n_concepts": 198,
  "rho": 0.415575292991551,
  "null_mean": 0.001507459031347735,
  "null_sd": 0.06558205432801176,
  "p": 0.0001999600079984003
}