{
  "label": "M-B",
  "n_concepts": 198,
  "rho_trained": 0.43295607314837,
  "rho_floor": 0.415575292991551,
  "delta": 0.017380780156818987,
  "ci_lo": -0.09447512655328183,
  "ci_hi": 0.13770539081031719,
  "boots": 1000,
  "ci_excludes_zero": false
}