{
  "label": "H-B",
  "n_concepts": 130,
  "rho": 0.5099402425705264,
  "null_mean": 0.0011798546634294504,
  "null_sd": 0.044272584637908,
  "p": 0.0001999600079984003
}