{
  "label": "M-B",
  "n_concepts": 198,
  "rho": 0.43295607314837,
  "null_mean": -0.0004512987499946499,
  "null_sd": 0.03811688086228087,
  "p": 0.0001999600079984003
}