{"model": "random_marathi", "lang": "marathi", "layer": 3, "d_model": 512, "n": 25000000, "seq_len": 512, "dropped_bos": true, "act_mean": [0.09893947703613282, -0.17497058419921874, 0.09776468910644531, 0.13009092737304687, 0.04031518065673828, 0.03843763710449219, 0.09095220147949219, -0.15012139403320313, -0.23944020212890624, -0.12048170700683594, 0.03536688367919922, 0.018769666568603516, 0.135624587109375, -0.1647184426171875, -0.00782633993560791, -0.1111207846875, -0.271858989765625, -0.16517881108398438, -0.130209805234375, -0.18179517149414062, 0.12330292440917968, 0.08154596046386718, -0.03773957812011719, -0.0030740393675231935, 0.046779922236328125, -0.03434644271484375, 0.16554548838867186, -0.08808957360351563, 0.4523288032421875, -0.0936140354296875, 0.038471327490234374, 0.14142444194335937, 0.14091995885742187, -0.21347159725585937, -0.24547190948242187, -0.010231031151123046, 0.294961858203125, -0.02608126678466797, -0.13887043828125, 0.0332428578503418, -0.10509893391113281, -0.015073794929199219, -0.07442822099121094, -0.08370198524902343, -0.01189232208190918, 0.16988860831054686, -0.024101303333740234, -0.017392718181152345, -0.018677289453125, 0.07778576455078125, -0.38043103498046876, -0.06489087381835937, -0.18775087358398437, 0.31955158427734376, 0.0875289664453125, -0.292204940234375, 0.1553828371875, -0.04346739193359375, -0.05799413105957031, -0.255399220546875, -0.28889918392578123, 0.005509009611816406, -0.1274596601611328, 0.005882436764526367, -0.0686400575048828, 0.16479450583007813, 0.13245006411621094, -0.04636282050537109, 0.2668024989941406, -0.37444417265625, -0.3456142173828125, -0.07015805026855469, 0.12828312509277343, -0.26974541885742187, 0.2635937462890625, -0.004488556679382324, 0.15174122794921874, 0.05938547708740234, 0.17007157595703126, 0.09147211182128906, -0.19141512640625, 0.333340524921875, 0.097731931640625, 0.1477597309765625, -0.056574519333496096, -0.24757792778320312, 0.1123782740625, 0.28896137638671876, -0.2094265080859375, 0.240772478203125, 0.2235048044921875, -0.004439242973022461, 0.1891843334375, 0.07033231022949218, -0.0031148966213989256, -0.14450583600585937, -0.04026408490234375, 0.05796940604492187, 0.21926800283203124, -0.011098645588989257, 0.052423194775390626, 0.08311617943847656, 0.03293502075805664, 0.4297907603515625, -0.1179858888232422, -0.24123626555664063, -0.06318087576171875, -0.0305603524206543, 0.03557117728027344, -0.3972904442578125, -0.18313255220703126, 0.513575128671875, 0.29215057958984375, -0.18718288452148438, -0.27551448125976563, -0.07266930153808594, 0.1673361653515625, 0.20647738422851564, 0.014786333012695312, 0.15505627038085937, 0.0781765903515625, -0.006954663672790527, -0.14480913114746094, 0.024576672518310548, 0.346807944375, 0.00631823675201416, 0.11171366154296875, 0.12496208885253907, 0.04024010217285156, 0.07672699536621094, 0.10331254497070312, -0.04285384892822266, -0.14159461571289061, 0.14171291422851562, -0.15738830758789063, -0.12771484036621095, -0.21628249451171874, 0.06272353828369141, 0.1617970022265625, -0.013585667947998047, 0.1447230655859375, 0.26308829677734374, 0.14267537208007813, 0.11870852759277344, -0.07688796609375, -0.11348291341308593, 0.12256647098632813, -0.14972060145507812, -0.10316253091308594, -0.28497153182617185, -0.2508819416894531, 0.12631591838867187, -0.08526568791992188, -0.11091238747558593, 0.02907465493774414, 0.13719493969726562, 0.09728066427246093, 0.3884932019140625, -0.03452203749267578, 0.0820524990625, -0.10199868268066406, 0.09592530144042968, -0.07561846778320312, 0.20274718764648436, 0.187675775625, 0.11529713146484374, 0.0006105758105659485, -0.10621186266113282, -0.003246890040588379, 0.09495649883300782, 0.1301860494970703, -0.03321977089477539, -0.0945828133642578, -0.09883331041503907, -0.029282383459472656, -0.10725125351074219, 0.1077875328857422, -0.21369574048828124, -0.053659301328125, 0.37318750546875, -0.005723185221252441, -0.19312902834960938, 0.212042213359375, 0.22598273665039062, 0.12360774434570312, -0.03161853920043945, 0.01600160827758789, -0.058963006943359375, -0.3663996580859375, -0.019403785438232422, -0.30642868943359375, -0.01461415385986328, -0.050689850424804686, -0.18652825220703126, 0.39266534599609376, -0.20979142873046874, 0.06893472128173828, 0.1692800869140625, -0.0694358169873047, -0.5463041748046875, -0.40231680484375, -0.18880477109375, -0.23374622276367188, 0.057618254814453124, -0.07071436881347656, -0.2519153282226563, -0.05332627227294922, -0.07726926439453125, 0.08831339057617188, -0.106832245625, -0.1780178741015625, -0.17536980749023437, -0.31201924578125, -9.252720994949341e-05, 0.05808471159179687, 0.034542451091308594, 0.11475799103515626, 0.10124974651367187, -0.28499448703125, -0.07362316869628906, 0.046550178220214844, 0.05183725830322266, 0.29347278224609374, 0.05677730107177734, 0.05580112115722656, 0.010464510952148438, -0.02359377063964844, -0.39812665912109374, 0.21953557987304687, -0.0246118573046875, 0.175961601953125, 0.2010611674609375, -0.021967386813964845, 0.1433605256298828, -0.091822569453125, 0.07660185233398438, -0.12543443888183595, -0.016365591630859374, 0.10446931813476562, -0.00011159948459744453, -0.06126351654785156, 0.15353818625, 0.12123281247558594, 0.13720187811035156, 0.12212040233886719, -0.32486613203125, -0.02731093939575195, -0.2274933416015625, -0.16059852770507813, -0.15486761009765626, -0.3450870291796875, -0.08842104742675781, -0.052292383225097654, -0.11932588678222657, -0.024829530111083985, -0.04592809289794922, -0.05053149575683594, 0.07190273258544921, -0.2792948534667969, -0.26478327895507814, 0.08166861361328125, 0.1349857351953125, 0.2513602819140625, 0.10561891112792969, 0.05595180055175781, -0.1672128687402344, 0.13060863310058593, 0.02266193905029297, -0.15654850352539063, 0.24535833690429687, -0.005498266840515137, 0.14965572340820313, -0.3066655145703125, 0.12748628871582032, 0.09866615077636719, -0.05094094466552734, 0.04460662550048828, -0.2535174473535156, 0.0003691428201919794, -0.14908233520507813, -0.1104365005078125, -0.19596558430664063, -0.22786606619140626, 0.23134901708984376, -0.05921380500244141, 0.17274655420898438, 0.16498568732421875, -0.2062020093359375, -0.2666977215429687, 0.09595038107421874, 0.11997615447265625, -0.15281981237304687, 0.0121563065045166, 0.33417580451171874, 0.2015204477734375, -0.05751665894042969, -0.25821517795898435, 0.10107708576171875, 0.050248036328125, -0.22099930649414062, 0.3711429036132812, -0.1470975244140625, -0.16108153866210936, 0.15194076963867187, 0.23171939686523438, 0.03453085020629883, -0.30725381693359377, -0.07024659448486328, -0.02650305115966797, -0.15560675268554688, 0.12288831900878906, 0.1446479910107422, -5.566760126233101e-05, 0.15093074333007814, 0.10935934053710937, 0.38408253568359374, 0.1362575370996094, 0.3382409578125, -0.3860975860546875, -0.05739823794921875, 0.027289946243896485, -0.002087825042800903, 0.1710628957421875, -0.1722767453222656, 0.1396924657861328, 0.08794782178710937, 0.18239477788085937, 0.0652743559741211, 0.370204731015625, 0.11572187341308594, 0.18958125088867187, 0.010293597819213867, 0.15091332413085937, -0.06682385986572266, 0.333864386640625, -0.1542482552734375, -0.1275602312060547, 0.3473510114453125, -0.02751618388671875, 0.167281419375, 0.38628798796875, -0.16759791927734374, -0.2035981360546875, 0.3688487862890625, 0.1022407326953125, -0.04727318608398438, -0.1771276066796875, 0.04439135178710937, 0.17750930866210937, -0.0390655630053711, -0.08178959192871094, -0.22697876146484375, -0.08262917126953125, 0.009449126486816407, -0.032921342609863284, 0.2085337063964844, -0.10972575418945313, 0.19929990822265625, 0.04705020786865234, -0.13282643940917968, 0.17627201338867188, 0.20507418291992188, 0.15486012990234374, 0.0026547427155303957, 0.2620111910058594, 0.23868853844726562, -0.012485806170654297, 0.029055521461181642, 0.1993095795800781, -0.022837411580810547, 0.08713601825683594, 