{"model": "random_hindi", "lang": "hindi", "layer": 3, "d_model": 512, "n": 25000000, "seq_len": 512, "dropped_bos": true, "act_mean": [-0.0215071939831543, 0.006943670598754883, 0.02832878428466797, -0.040237063447265624, -0.025002969274902344, -0.24060724133789063, -0.10266676024902344, 0.022052961086425783, -0.06459027004882813, 0.14116919684570312, 0.13680284999023437, 0.07799081038574218, -0.050300730270996095, 0.08368470134765625, -0.08013084353027344, -0.033316038552246095, 0.05412910290527344, 0.2233397134375, -0.12435502339355468, -0.12311423584472657, 0.0029749197931671144, 0.04100598087158203, 0.19574424055664064, 0.16448736564453126, -0.08327462981933594, -0.09035524012695313, -0.01795440916015625, -0.04585199912841797, 0.05041575963867188, -0.09033875982910156, -0.07253508424804687, 0.21748270715820311, 0.11808512695800781, 0.04034671011230469, 0.2528817923144531, -0.004044327283020019, -0.23184902852539063, 0.09161463816894531, 0.36370332935546873, 0.11844776790527344, -0.15722752245117189, -0.03810543340576172, 0.0070181654385375975, -0.06615819384521485, 0.21153799888671876, -0.012598459446411133, 0.05838080870117188, -0.021897498209228514, 0.021045925159912108, 0.33431991595703126, -0.025951843118896485, 0.11120550022460937, 0.19287258684570313, -0.1426075920654297, -0.04947723369140625, -0.04110891748779297, 0.061913654013671875, -0.08492193308105468, 0.06602693002929688, 0.03694870927001953, 0.5618593740039063, -0.17018934146484374, 0.03544014415771484, -0.1297309352685547, -0.14317272174316406, -0.020427609475097655, -0.050720406220703125, -0.22537773005859374, -0.15957007875976562, 0.00486744826965332, -0.17780553578125, 0.016237288283081054, -0.13236932311035157, -0.4032984645703125, 0.2092500063671875, 0.0798781856640625, -0.22486358802734374, 0.08528062997558594, -0.10716187682617187, 0.035607106881103516, 0.2694771205859375, -0.0053751859375, 0.07124420657226563, -0.1225933966015625, -0.21130489666015626, 0.13168814190917968, 0.05085261047607422, 0.24578522880859374, 0.027167693615722657, -0.20809100107421874, 0.00775211804107666, -0.304181783359375, 0.15120164875976563, -0.009196017713012695, -0.024012884642333983, -0.3274477078515625, -0.016960036302490235, 0.2872028484667969, 0.22680922475585938, -0.07407762982910156, -0.10322076450195312, 0.10049963829101563, 0.058230342145996095, 0.009472448138427734, 0.1256247674707031, -0.19880548498046874, 0.11221687171386718, -0.17835346173828126, 0.12004841445800782, -0.011834750705566405, -0.02763690206665039, -0.06843072142822265, -0.29628697193359377, 0.05370253331054688, -0.12053908575683593, 0.10437943950195312, 0.03871312089599609, 0.03874264408447266, 0.2183207772265625, 0.26224452254882813, 0.031160101954345702, -0.21799738655273437, 0.012591463911743164, -0.018780678892822266, 0.25446624409179686, 0.041436700546875, 0.22349331168945313, -0.025487543209228514, -0.15612360169921874, 0.06584087464111328, -0.12539816163085937, 0.022977876599121094, -0.2758852309863281, -0.11867879239746094, -0.19495776088867187, 0.08286960257324219, -0.025000588748779296, 0.11709973394042969, 0.1315096533935547, 0.04578420740966797, 0.09166921549316406, 0.1310351111376953, 0.0008197933738684655, -0.12407933634277343, -0.004273172497558594, 0.11219323030273437, 0.06961303340576172, 0.05833307305664062, -0.18396697384765626, -0.2566244586230469, -0.012337274150390626, 0.11702285571289063, -0.04820421910888672, -0.19057673286132812, -0.23874748514648436, -0.04455578492675781, -0.24493007168945313, -0.02187117158203125, -0.1986622717578125, -0.010850624213867188, -0.15383256237304688, 0.0032357491972351076, -0.01449286696105957, -0.003059206862182617, 0.19539919435546876, 0.027508469583740234, -0.04776851025634766, -0.05793859975341797, -0.17082312024414062, -0.19337459212890626, -0.2346583027636719, 0.16797709014648438, 0.39221930306640623, 0.084945755546875, -0.17524774509765625, -0.06127421968505859, 0.10441705332519531, -0.195200047890625, -0.04442375312255859, 0.025577332401123046, 0.1284729537939453, -0.19101333231445314, -0.04232734668945313, 0.2562429178515625, 0.011262471467285156, -0.018854160454101564, -0.050061389541015626, -0.087849068515625, -0.060960621015625, 0.004637013078460693, 0.1396783066064453, 0.05685471140380859, -0.10055462794433594, -0.06784921643554688, 0.12128961138183594, 0.04876767663330078, -0.258000442265625, -0.4362727619140625, 0.35516615283203123, 0.06659581926757813, -0.12218565264160157, 0.20348306370117186, -0.1449874543359375, -0.0508842946850586, 0.03135346946411133, -0.19771791518554688, -0.24101044385742187, 0.2452703534375, 0.025115475220947266, -0.1304851104296875, -0.24583074010742187, -0.1366818962792969, 0.09429723317382813, -0.19175881538085937, 0.02467302609741211, 0.14634998715820313, -0.02705494749267578, 0.0649909062915039, 0.148568548203125, 0.10080413822265626, -0.061948453737792966, -0.13217461397949218, 0.09797850430664062, 0.06386936380615234, -0.16605744171875, 0.11075250171386719, 0.008928683713684082, 0.15198483619140624, -0.023240678221435548, -0.37083881328125, -0.22974214690429687, 0.22615934596679688, -0.15589638467773437, 0.056615498127441405, -0.05119245947265625, 0.30764888828125, 0.2325750416015625, -0.031437170859375, 0.08114167030761718, 0.08229891091308594, 0.022193091528320313, 0.12917580381835939, 0.2323129711621094, -0.015542891291503906, 0.130895371875, 0.2821343758984375, -0.16774867791992187, 0.199530515078125, 0.0763273115234375, -0.013980401018676758, -0.3530049823046875, -0.06398070356445312, -0.11939991965820312, 0.13892877131347656, 0.0860126151953125, 0.028269375759277345, -0.046685306831054686, 0.12709360298828126, 0.15364528750976564, 0.11197038897460937, -0.03583695805908203, 0.11826051912109375, 0.22168030749023437, -0.119329520078125, -0.15724837044921874, 0.019066985756225587, 0.14702153690429687, -0.10810974253417968, 0.24801359142578125, 0.09210814704101562, 0.0029429077767944337, 0.09928163558105468, 0.2274575058203125, -0.022587630732421874, 0.09224547295898437, 0.318066216328125, 0.02347235805541992, -0.188250643203125, -0.06266481020507812, -0.09569635933105469, 0.12350192800292968, 0.06591837064453125, -0.09916584066894531, 0.14402219740234376, 0.049040081157226564, 0.14323348893066407, 0.13117025987304687, 0.020848686645507812, -0.19925107733398437, -0.19788482431640625, -0.03637776048217774, 0.13225237892578126, 0.04626739641845703, 0.1866364664453125, 0.5358826387109376, 0.12293196557617188, -0.17327573670898438, 0.05765542322753906, 0.03650295076660156, 0.032106761849365235, 0.14145416820800782, -0.402999205390625, -0.20763440072265624, 0.1289331536230469, 0.005373303928070068, 0.01687319279663086, -0.07682409540039062, -0.20518523971679686, -0.06583022049804688, -0.2565634155371094, -0.10234034129394531, -0.17511765936523438, -0.208793758515625, 0.0047933772315979, -0.312309893828125, -0.20985978639648437, -0.3430159052734375, -0.05124192485595703, 0.30101322546875, -0.17365669223632813, -0.06501422561767578, 0.4676885876171875, -0.1077652412890625, 0.01532892427368164, 0.19037702475585938, 0.118197594453125, 0.025226013671875, 0.16244079000976563, 0.030039849393310548, -0.028073873446044922, 0.15027964831054688, -0.11582775543945313, -0.02186987738647461, -0.23649460641601563, 0.25237644041992185, -0.06694401311035156, -0.16002854090820312, -0.12349174946777344, -0.12807013173828125, 0.014253897974243163, -0.28685268358398436, -0.15855734750976563, -0.07209520994140625, -0.0861966544189453, -0.07224023873779296, -0.010616594983520508, -0.1095057726953125, 0.016421019785766603, 0.045843976091308594, -0.198159229140625, 0.052568820966796874, -0.09096295819824218, 0.33714944271484376, -0.08652321469238282, 0.017294604185791016, -0.052469072866210935, 0.055402562438964846, -0.169173049453125, -0.09783292996582031, -0.06569231933349609, -0.1789156853125, -0.038807326120605466, -0.06878127417236328, 0.02954100490356445, 0.22658696801757813, -0.004830495477142334, 0.014849201427001952, 