{"model": "random_hindi_b", "lang": "hindi", "layer": 3, "d_model": 512, "n": 25000000, "seq_len": 512, "dropped_bos": true, "act_mean": [0.02556774036376953, 0.059271485341796874, 0.04219236067871094, 0.15464398379882813, -0.23518196588867188, 0.17646955388671876, 0.058874712236328126, 0.012571305498657226, -0.08939502387695313, 0.12637877868652345, 0.10488677002441406, -0.155172634296875, 0.019765223432617187, -0.12885601599609375, -0.017515217235717775, -0.15675319194335938, 0.20401359047851564, -0.1946623437890625, -0.13680538571777343, -0.17789080692382814, -0.2773571164550781, -0.05803313054931641, -0.4185098449609375, 0.29518383484375, -0.279710891015625, -0.1674556399609375, 0.39385297734375, 0.0662634904663086, -0.11776417215332032, 0.23953795208984374, 0.06240694860107422, -0.13325128226074218, -0.04029623062255859, -0.2768806779199219, 0.1012048914453125, 0.291147391015625, 0.041569862739257814, 0.1668839816015625, 0.10012071734863282, -0.28933228046875, -0.15061084420898438, -0.1751060357421875, 0.29554729203125, -0.18737825404296876, 0.06339751036132812, 0.3528199050390625, 0.06519577589111328, -0.007835257543640136, -0.09107911435546875, 0.1848119072265625, 0.021254769119873045, -0.18134681108398437, -0.011873356264648437, -0.22367726383789063, -0.22295434475585937, -0.006059391813964843, -0.07350947759765625, 0.05919830126953125, 0.18971990794921875, -0.08896015579101563, -0.08284725337402343, 0.07250714873291016, 0.09729923752441406, 0.006864665124206543, 0.00924561265045166, -0.26534107384765626, -0.1309095503564453, 0.10529273072265626, 0.13546089154296875, -0.26696222297851563, -0.049329546318359375, -0.387883431875, 0.5314946074804687, 0.06865538089111328, 0.47493472564453126, 0.08154092268554687, -0.12527706186523438, 0.07209074401611328, -0.06819087190429687, 0.34137153466796877, 0.07012924733398437, 0.03150269073120117, -0.21432706940429688, -0.3335210478125, 0.03504559052734375, -0.05723000042480469, 0.05544689728027344, -0.09380328473144531, -0.14070668894042968, 0.2038375428515625, -0.0732018759765625, 0.09704600799316407, 0.2601092904296875, 0.10443059579589843, 0.18762715405273436, -0.010093665657043458, -0.0017961367330551147, 0.028677447281494142, 0.05529577770751953, 0.24306129677734375, 0.2854388425488281, -0.12160800474609375, -0.03148888073608398, -0.31092278259765627, -0.26464352337890623, -0.08103790813964844, -0.039727269536132814, 0.04837548445556641, 0.07130996627929688, 0.04955741333984375, 0.0924644818798828, -0.07996794937011718, 0.09851608666015625, -0.2078107265234375, -0.09076602549804688, -0.1021271968359375, -0.08394939108886719, 0.16233475772460937, -0.22617008546875, 0.11856332803710938, -0.07519098781738282, -0.18958716453125, 0.017179731573486328, 0.13873178426757812, 0.03027874062866211, 0.20864723150390624, -0.04282937046142578, 0.22373916587890624, 0.05047676805908203, 0.4228471592578125, 0.13948574956054688, -0.011143968622436523, -0.06446086353515625, 0.11759652864746094, -0.0031436152475738527, 0.1667029800390625, 0.4877287993359375, -0.14995326444335938, 0.07605951228027344, 0.18159119182617187, 0.019872325744628907, 0.13228386224609376, -0.06602359623046875, -0.008353271618347168, 0.27048794334960935, 0.45638631818359376, -0.16780598112304687, 0.17610203331054688, 0.14096135795898437, -0.1330274566064453, -0.08199604658691406, -0.15010034659179688, -0.2796937663378906, 0.24515359813476562, -0.0711893653100586, 0.15376693030273436, -0.09248035268066407, -0.1750504907421875, -0.2152481710546875, -0.07933012343261718, 0.07446939318359375, 0.13337102622558594, 0.0032489813116455078, -0.18085093930664062, 0.21518016458007813, -0.08863246599609376, 0.02249852870239258, -0.09639718404785157, 0.021818045555419923, -0.34354420099609373, -0.11284622155761719, -0.11736518175292969, -0.31820949140625, -0.16449392658203124, -0.10692070474609375, -0.19206198008789063, 0.21370740658203125, -0.2630407596582031, -0.07543929739257813, 0.078516378046875, 0.12273140815917968, -0.28910825677734375, -0.02481347682739258, -0.17002913461914063, 0.21796271731445313, -0.21937571774414064, -0.2427167993359375, -0.24755829584960937, 0.37613505341796877, -0.13042438059082032, 0.09206073794921875, -0.092830610390625, 0.07273284330078125, 0.09071079486816407, 0.10920202409667969, -0.035830780789794923, -0.14279337872070313, 0.19497378853515626, -0.0062594304431152345, 0.20982668697265625, -0.16909711846679687, 0.059861258203125, 0.21163427684570313, -0.05075240979736328, 0.0050596547811889644, 0.20506756758789063, -0.07217802772460938, 0.3565828087890625, -0.2757257796875, 0.08594989253417969, 0.09818277665527343, -0.14684570573242187, -0.12308989604003906, -0.05249390793701172, -0.11409582252441407, 0.12463241095703124, 0.059411756547851566, -0.11431319935546876, -0.12373149452636718, -0.09397803771484375, -0.01635240593383789, 0.058711364304199216, 0.049345315014648436, 0.15254544512695312, 0.13918176134277344, -0.5502510312695312, -0.04769862225585938, 0.16530381323242188, 0.1924974583984375, 0.06398263969482422, 0.11761138431640625, -0.20299343346679688, -0.15984307887695312, -0.34544961576171873, -0.037449625190429686, -0.17638327508789062, -0.48550346349609375, 0.05670740782470703, -0.025948016590576172, -0.4129190157421875, 0.02315517131958008, 0.15677964333007813, 0.10918779063476562, -0.06590973548339844, 0.0990864193359375, 0.022087088797607422, 0.08422058018554687, 0.13831543650878905, -0.20393751065429688, -0.3534633491015625, 0.25288779462890626, -0.047971310703125, -0.3191371183203125, -0.25046355265625, 0.14086177043457032, -0.25173325845703126, -0.09521239021484375, -0.200419647578125, 0.010468328557739258, 0.023843837059326172, 0.15419836751953125, 0.015791549098510743, -0.2317460940625, -0.10225690221679687, 0.09917097624511718, 0.3038992074609375, -0.016473816702270508, -0.13958868766601562, 0.0979104284765625, 0.25060911841796873, 0.15836814385742187, 0.0003701680009865761, -0.03205723137817383, -0.10489093114746094, -0.2648878058691406, -0.362562263359375, 0.03329761131225586, -0.114600387890625, -0.10632382369628907, -0.15619404360351563, -0.12080657109375, 0.3762426430859375, -0.034244713337402345, -0.24669309291015626, -0.06849968485595703, 0.2575113703417969, 0.13591651931640625, -0.05248042435791016, -0.06056749518066406, 0.003792250287475586, 0.13343731322753907, 0.003817299814758301, 0.2249763399511719, -0.07895366792480468, -0.03566815545410156, -0.10869814306640625, -0.12273962827148438, 0.20016894266601562, -0.05565453607421875, -0.30233367337890626, 0.01221728474975586, 0.06628250247558594, -0.22601589310546874, -0.1880852006640625, -0.11928073484863282, 0.07853329066894531, -0.16117307079101562, -0.18362652896484374, -0.21745218703125, 0.1885487725390625, -0.11331817436035156, 0.12978183493652343, 0.23168235584960936, 0.13359302529296874, -0.13326134438964843, -0.27380956140625, -0.058237364548339846, 0.09585229584472656, -0.08037287102050782, 0.22201105219726563, -0.2048037243261719, 0.06798943095703125, 0.22448004474609376, 0.051483608991699216, -0.27198361818359373, -0.1325108366455078, 0.16699381893554688, -0.07826593247070313, -0.27581680634765626, 0.0242874594921875, -0.042935920966796874, 0.07525000589355468, 0.21197910712890625, 0.25074812623046877, 0.18743358515625, 0.04359757326171875, 0.20568089900390624, -0.14644496987304687, -0.19137973427734375, 0.09630008710449219, 0.05045035205566406, -0.03908818615234375, -0.18488631004882813, 0.10546902028320312, 0.043565706520996096, -0.027823788161621094, 0.13355092265625, -0.055679232546386716, 0.1651809276953125, -0.14256215286132812, -0.36783811541015626, 0.22385664219726562, 0.0974142805078125, 0.24558217014648437, -0.059057258559570315, 0.45087352486328125, -0.4288340206835938, -0.007661949248352051, 0.19275255157226562, 0.32736088296875, 0.05672545973144531, -0.09462757014648437, -0.3911626998828125, 0.0046384573046875, -0.22439847985351563, -0.470169616484375, 0.08437162565917969, -0.18710084833007812, -0.07589629391601563, 