{"model": "random_bengali", "lang": "bengali", "layer": 3, "d_model": 512, "n": 25000000, "seq_len": 512, "dropped_bos": true, "act_mean": [0.03866883254638672, -0.051462480339355465, 0.07784526901367188, -0.10190751709472656, -0.046247568442382814, -0.16398635827148436, 0.24333625649414062, 0.17582668098632812, -0.10346025303222656, 0.1788541351269531, 0.2564945274902344, 0.09119376671386718, -0.13829062028320313, -0.044490501928710936, -0.06983576818847656, -0.1360175613623047, 0.20747548254882814, 0.379288498828125, 0.045652552990722656, -0.1304598101171875, 0.028366283194580077, 0.16343797705078125, -0.09769956770507812, -0.31364159927734375, 0.07717925378417968, -0.1124476180859375, 0.18277484015625, -0.06764275435302734, -0.03774984359375, -0.01689025510925293, 0.11903078000488282, 0.24339244840820312, -0.08028550427246094, 0.12816213763671874, -0.18365426334960938, -0.0022175748934173583, 0.016050058884887697, -0.16693846706054688, -0.19617932857421874, 0.02039052439086914, -0.39294216072265625, -0.07772398067382813, 0.22903141266601562, -0.021284956134033202, -0.167074010625, 0.02158586043823242, 0.1309686065625, -0.12386714882324219, 0.06804678956054687, -0.05813261484619141, -0.35669548966796877, 0.00395012802734375, -0.03929030858154297, 0.11593553918945312, 0.1576725064453125, -0.15740501057617187, -0.11016741519042969, 0.18561321630859376, -0.03898826758544922, 0.06459149732910156, -0.07580670389648438, 0.13136935610839845, -0.040247841384277346, -0.009494725270385742, -0.10881673579101563, -0.011959603799438476, 0.09495534325195312, 0.08530567407714844, 0.11683860642089844, 0.08631683653320313, 0.039033810935058595, -0.13762480538574218, -0.20223936227539063, -0.047924103005371095, -0.20061868063476562, 0.007297083472290039, 0.02007368953491211, 0.1834419402734375, 0.13329349713867186, -0.06034176759521485, -0.05648330958984375, -0.21075645803710938, -0.27606230606445314, -0.2926795405078125, 0.217117088984375, 0.1620049441015625, 0.14383903646972657, -0.0711626708959961, 0.031771758090820314, 0.18581790610351562, 0.061097623671875, 0.21054268870117188, -0.04223607422607422, -0.012616185006103516, -0.006192581436767578, 0.05564036905761719, -0.24002194690429687, -0.2610588453613281, 0.09996271569335938, -0.13504736100097656, 0.015418431972045898, -0.045086816806640624, -0.01809640591430664, -0.14345367498046874, 0.1429333258984375, -0.309940117578125, 0.013212478072509765, -0.15924681276367186, 0.07721310204589844, 0.2579825145410156, -0.20041228407226563, -0.48038286974609373, 0.0848812612841797, 0.03557101596191406, -0.16859579271484376, -0.15905413962890624, 0.09456521373046875, 0.09274289183105469, 0.17274267915039063, 0.24778760373046874, 0.027608594533691407, 0.276587069296875, 0.36350477259765623, -0.21170863759765626, 0.022753221400146486, 0.10096882189941406, 0.03834443106201172, 0.028662673126220704, -0.1913619237109375, -0.014839397833251953, 0.12007998295898438, 0.048167897260742186, -0.13121738424316406, -0.059594105224609374, 0.07218527552734375, 0.3014295084765625, 0.20973572034179688, 0.0642835573461914, 0.3957586486523437, 0.20222511388671874, 0.12707627282714845, 0.09877980587890625, -0.04952989116699219, 0.11214451986816407, 0.04175502720214844, -0.1291718119140625, -0.08977588721679687, -0.09490408638183594, -0.050985949052734375, 0.00943715027557373, -0.02464976207397461, 0.2008430865234375, -0.19193618904296875, -0.05441488035644531, 0.0900947222607422, 0.10299382523925782, -0.33277817345703126, 0.265730710703125, 0.0032924439509582517, -0.16853185596679687, 0.043884332788085935, 0.17506680576171876, 0.10452088548828126, 0.056883123051757814, -0.17729736322265624, 0.23436745356445313, -0.14026907571777344, -0.2052171941015625, 0.3358237789648438, 0.27291893372070314, 0.045665550063476563, 0.09767112505371094, 0.03359347744506836, -0.04295122936035156, 0.18395717349609375, 0.05309521817138672, 0.012387710059814453, 0.1285479485205078, 0.05629465041259766, 0.07815202615722656, 0.013394324182128907, 0.3669459335546875, 0.29836723728515624, 0.23398942390625, -0.02147224691040039, 0.09114217172363281, -0.13403817389160155, -0.026180121640625, -0.15271647385742187, 0.302951095390625, -0.2149342627734375, 0.14204037630859376, -0.11547385625488281, -0.17580454524414063, -0.04806030674560547, -0.23190390512695314, -0.13212563493652343, -0.2742431583789062, 0.2858997573828125, 0.06698222916015625, 0.10062266983886718, 0.01064790721130371, -0.1114353418359375, 0.039234223759765624, 0.18272285142578126, 0.14126637208984374, -0.03229490788452148, 0.15884571353515625, 0.17234403599609374, -0.12177598373046875, -0.3317558425390625, -0.04070296918212891, 0.11035252033203125, -0.11083578432128906, -0.20012487198242188, -0.24027988501953124, -0.13075521701171874, -0.11885233144042968, 0.04868233415771484, 0.1279671071044922, -0.278420960078125, -0.13863672375, 0.021747494752197265, -0.07295062892578125, 0.12183957724121093, 0.29710616650390625, 0.012647357603759766, -0.251349725234375, -0.06327658628417969, 0.16552383599609374, 0.17975354526367188, -0.03318450276855469, -0.24675121448242188, -0.05064560336669922, 0.23821291385742188, -0.062182573317871095, 0.17863862676757813, 0.11012757698242187, 0.1461302365234375, -0.31104363556640624, 0.25752288671875, 0.20534674205078124, -0.0218901762890625, 0.2773666826660156, 0.013902465414428711, -0.20014493310546874, 0.2904565553515625, -0.0944835304345703, 0.071631485546875, 0.13805914100097658, -0.27553681030273436, 0.06710968379638672, 0.03509124579101563, -0.04251761968994141, 0.054422080466308594, 0.07081740654541016, 0.350011668515625, 0.061597473708496095, -0.046809831635742184, -0.006858455839233398, -0.1899964294921875, -0.16236774974609375, -0.20527655305664064, -0.017447337346801758, -0.13897097500976563, -0.025341169407958983, -0.27940987728515626, 0.07498216050292969, 0.14856969673828124, -0.10793087343261719, 0.2883668254003906, 0.029072593907470703, -0.06889121798095703, -0.10072311555175781, -0.05809876752685547, 0.07911273528320313, -0.08943446585449219, -0.010561970446777343, -0.23633242094726561, -0.061135828083496095, -0.05557555586425781, 0.1902617922753906, -0.17058751078125, -0.03095201212890625, 0.22621490158203125, -0.32615518607421873, -0.06402736486816406, -0.141631100546875, -0.031740198436279295, 0.05142805051269531, 0.11039757886230468, -0.18355415849609374, -0.00185282503408432, -0.042366679289550783, -0.024792500181884766, 0.10053167566894532, -0.2620348459667969, 0.09067356870605468, 0.21712704330078125, -0.18166135935546876, 0.03751986908203125, -0.09042304453613281, 0.1948491830859375, -0.24445646083007813, 0.028704895826416017, 0.21266383517578125, -0.0013288844567775726, -0.08091366445800781, 0.3043134639453125, -0.4356410656054687, -0.1502983137109375, 0.17031893157226563, 0.01424154949645996, -0.2752634031152344, 0.31491832380859375, -0.07270898397949219, -0.014495970335693359, 0.06715042225830078, 0.1273904057861328, -0.1112126629296875, 0.14271263141601562, 0.01895141910095215, -0.08640398125488281, 0.0178780509185791, 0.11592499184570312, 0.0255560807421875, 0.004662006377563477, 0.0629127388696289, -0.057045154321289065, 0.43426938357421874, 0.24572658254882812, 0.07290229044921875, 0.2893552379882813, -0.11226722852539063, -0.1383986957421875, -0.07958678209960937, -0.0639201855859375, 0.013285177124023438, -0.08598928667480468, -0.0757660884765625, 0.07262485429199218, -0.15439468193359376, 0.04955991223144531, 0.2270601106738281, -0.16526847353515625, -0.19022848915039062, -0.03284611263061524, -0.15196259904296874, -0.035678191333007814, -0.06365785153564453, -0.04926621171875, 0.019453809731445313, 0.15528417194335936, 0.01912147074584961, 0.2088090349609375, 0.1209121273828125, -0.0972172740234375, 0.048789132971191404, 0.0009473178221154212, -0.30737732404296875, -0.14921847279296874, 0.11136125537109375, -0.11307970825195313, -0.11281698057617187, -0.20096135595703124, -0.18481113146484374, -0.028650364639892578, 0.15525802740234376, 