{"model": "marathi_54M", "lang": "marathi", "layer": 3, "d_model": 512, "n": 25000000, "seq_len": 512, "dropped_bos": true, "act_mean": [-0.22498239974609374, 0.028346501709245443, -0.21815473310546876, -0.07708675601867676, -0.0542318963898468, -0.45995769498046873, -0.09060801440067291, 0.4700216167578125, 0.11752887303588867, 0.07045758431466102, -0.6073336800390625, 0.06786864155118942, -0.053925453970451356, -0.006383264385309219, -0.28366608689453127, 0.34356081103515623, 0.12249724181030273, 0.4851778846875, 0.01972510227687597, 0.428185991796875, 0.18431413814941405, -0.5895693065234375, -0.06536717717523575, 0.644355771328125, -0.08570937183288574, 0.3893126076171875, -0.45545298296875, 0.3487444274707031, 0.388833233828125, 0.32859341072265624, 0.08201185968353271, -0.27467944379882814, -0.01656835020610094, -0.5547409304882812, 0.12323490638183594, 0.58675499453125, -0.04573081357151031, -0.36198131041015624, -0.02075964509460926, -0.44739823951171875, 0.39642550533203125, 0.01201009779649973, -0.1116795662512207, 0.10456687995849609, -0.5668795841601563, 0.2693591869824219, 0.03112132397541046, 0.24990759461914064, -0.09986787551086426, -0.14601867479980468, 0.7325548269140625, -0.07846578961547851, -0.12156146709228516, 0.20627769854492187, 0.33763761004882814, -0.3027023593945313, -0.025107718146371843, 0.2774322347363281, -0.02046452169857502, 0.1713547094921875, -0.20535567829101561, 0.907668198671875, 0.25110364471679686, 0.02282141112611294, -0.048353502691268924, -0.07475537882652283, 0.08586249693031311, -0.2458215275390625, -0.02217877680471182, -0.37577571111328123, -0.644009394375, -0.04561197197276116, 0.043503468492479325, -0.3790675632226562, 0.17066606478515625, 0.11317141913085937, -0.29073660306640625, -0.043793934535626175, -0.32361610163085935, 0.07373582271850586, -0.022482944217425586, -0.09319848625854492, -0.16050183135009766, -0.880733403671875, -0.23162559392089843, -0.3243639601953125, 0.43437170900390626, -0.24476853057617187, -0.7329881998046875, 0.12002843112915039, -0.10871403495239258, 0.02576304270936489, -0.15854100079345704, -0.07763885257415772, 0.12302100610473633, 0.15323360022460938, 0.28276993837890624, 0.004254274930095673, 0.20101974056640626, -0.09061181756286621, 0.007339860483560562, 0.47882300337890626, 0.018058920817866326, 0.2719768346875, -0.4038596046484375, -0.20550356858886717, -0.2424040546484375, 0.3151836058886719, -0.21054100388183594, -0.12448107748779297, -0.12743676264404297, 0.36289783130859377, -0.091909909294281, -0.18340478469726562, 0.09762821928344727, 0.16429875364746094, 0.008770925737005473, 0.1523598378466797, -0.2759489565332031, 0.6839187200390625, 0.14180175045410157, -0.3178236086328125, -0.27659320947265625, 0.07492445809234619, -0.19006562598632812, 0.4562759648242187, 0.5783849274023437, 0.1554861384863281, -0.1663018685986328, -0.4467842711328125, -0.5542414243945313, -0.5048491774804688, -0.05934659277448654, -0.14194446980957032, -1.009213089765625, 0.019148256043453216, -0.16984020604492187, -0.45410392451171877, 0.13881683891601562, -0.18224991698242188, -0.611144155703125, 0.20093304217285157, -0.0395046463401556, 0.8310170073828125, -0.11469587603027344, 0.03687866692239463, -0.2866891475683594, -0.22753920309570314, 0.5136530149609375, -0.18086159545410158, 0.4215997270117188, -0.5422669211328125, -0.6244015357421875, -0.16193383213378906, 0.16267397541015624, -0.03395478614403725, -0.5737633069140625, -0.18093667424316406, -0.4013793428125, 0.29110100279296874, -0.1723145583984375, 0.04325376167601108, 0.14779497990234375, -0.02440728041407585, 0.798694107109375, 0.08256675385192871, 0.31795631489257814, -0.07203475326794624, 0.773116960078125, 0.0369986939567709, -1.1224935719140625, 0.3992947876367188, -0.27073445013671876, 0.20618002076660155, 0.46123804515625, 0.16827946248046874, -0.19754074445800782, 0.5244734313671875, 0.3795901494140625, 0.24285196967773437, -0.10354008868896485, 1.359304081171875, 0.06201696630901336, -0.68953958390625, 0.2894750603710938, -0.23856016237304686, -0.30318658451171876, 0.15605614303222656, -0.7606370719140625, 0.13421048032226562, 0.20555034827148438, 0.08861573291461945, -0.11065877657409667, -0.07561718355941772, 0.19648284482910156, -0.40822547697265626, 0.85583950921875, 0.04147851319701195, -0.11097489031551361, 0.25903370094726563, -0.6931845785546875, 0.41056667267578123, -0.15143483181152342, -0.21287178543945312, 0.440773726875, 0.011054662197015286, -0.29267784275390624, 0.08794636339019775, -0.4931940710351562, -0.65467308125, -0.1580135573828125, -0.00362950244931221, -0.40536319609375, -0.3356444917675781, 0.45938878861328125, -0.18562936378417969, 5.61061513375, -0.44598244078125, 4.43323164953125, 0.49800813888671874, -0.24645542056640626, -0.5748929610351563, 0.10268460165588379, -0.6305825217578125, 0.7314820174609376, -0.07109625412937165, -0.367562528984375, 0.1343666949609375, 0.23719586555664063, 0.18059006170654296, 0.03127704431666374, 0.31621919856445313, -0.08245022367805481, -0.2577725271386719, 0.09218596150665283, -0.049958527425689694, -0.27478252931640623, -0.3927735031835938, 0.20896248892089844, 0.07934551228393555, -0.012527395864214898, 0.06117220109934807, 0.1559221167529297, 0.41452426060546876, -0.02650777431696117, -0.63718332296875, -0.17055544750976562, 0.11392106383544921, -0.055228529172401425, -0.8003614162109375, -0.7416024990234374, 0.011626830421249866, 0.30386108010742185, -1.362405659453125, 0.959454779375, -0.008095172845978736, 0.4132671837890625, -0.17423873509765625, -0.1405219937792969, -0.2192653600390625, 0.2308882114111328, -0.11844272201904296, -0.19138691005859376, -0.4901283050585937, 0.28524348555664064, 0.07435614951518536, 0.7349137618359375, 0.056064420811576844, -0.3884158166796875, 0.07473101356369019, -0.1078615364004898, -0.05730786748497009, 0.07074467691070557, 0.2989046927246094, -0.825192770703125, -0.006469704205578565, 0.0037759635657835006, -1.07441500296875, -0.0831240344467163, -0.38039331630859374, -0.43153676142578123, 0.2915509043652344, -0.05174759920045853, -0.15978392312988282, -0.1290581568798828, 0.32221283904296877, -0.08585937656797409, 0.047803422256178854, -0.57456113703125, 0.04089965639183521, 0.04813181955913544, -0.2785144154980469, -0.11989285314453126, 0.3236844125390625, -0.10934984450561523, -0.08381040792938232, 0.29623303159179687, -0.33180997453125, -0.3749440852734375, -0.05095206650159836, 0.5264376842578125, 0.020230818816666604, -0.010144090812795162, -0.25399320881835935, -0.15258653856933593, -0.5875524335742187, -0.07427080119720458, 0.2921089996386719, -0.49293904310546877, 0.274430651796875, -0.007416818180763721, 0.09015747164550782, 0.3713440709375, -0.5388158491601562, -0.00944226342672825, -0.14254827784179688, -0.314682620546875, 0.4443546512109375, 0.14744960704101562, -0.26941912629882814, -0.08732778697509766, -0.49128147970703123, 0.056953208202254774, -0.38214784525390627, 0.5704074580273437, 0.5763625883007812, -0.34003883599609375, 0.2755743982714844, 0.08108374098716736, 0.029150821387679576, -0.26245030817382814, -0.17847594987304688, 0.02770036159602642, -0.04745908747356415, -0.291455180078125, -0.46074658376953126, -0.35136999248046874, 0.510837582734375, 0.003826372033702135, 0.2409698116894531, 0.22577682791015624, 0.002927247369506359, -0.27659651629882814, 0.05920931550532818, -0.013172498784214259, 0.357896996796875, 0.12421514102050782, 0.23678650271484375, -0.05749244383285046, -0.26838303258789065, -0.0070655807528162, -0.7021732466796875, 0.20864527549804687, 0.67546073859375, 0.3403834891015625, -0.9525438805859375, -0.6246130333203125, 0.015230778803811074, 0.9119059042578125, 0.1305996360546875, 0.7613556937890625, -0.33921849635742185, 1.678538354375, 0.08821861164855957, -0.1509957625, -0.32691150499023436, -0.3121443061035156, 0.012347862200245857, 0.2693666086914063, 0.231108994453125, 0.03822723033928871, 0.1706394, -0.2899245951464844, 0.48246801181640625, 