{"model": "bengali_54M", "lang": "bengali", "layer": 3, "d_model": 512, "n": 25000000, "seq_len": 512, "dropped_bos": true, "act_mean": [-0.15549721134277344, -0.16072531875, -0.13243630107421875, 0.08766738240234374, -0.0509965915965271, 0.027756470103626252, 0.20194686916992188, -0.39182533396484376, -0.06464657350952148, -0.41469677037109376, -0.18511970009277343, 0.019372293642991187, 0.01811471917851925, -0.06356875616821289, -0.03648611354022503, -0.15411669540039064, 0.09113351486083984, 0.08349561753662109, 0.006343169961770773, 0.10189240505859375, -0.24387407055664062, 0.04199452019868851, -0.02222415041549206, 0.07735103455078125, 0.08356930299438477, -0.18537867022460938, 0.10246283284667969, 0.09816070660644531, 0.07040147323486329, -0.07573079643432618, 0.19746407418945314, -0.13225566052734375, 0.10397836952392578, -0.05250650348384857, -0.08636073234863281, 0.022401706549396515, -0.04447823754032135, -0.034444561604388954, -0.56611256171875, 0.17790537401367187, 0.26466141801757814, 0.09713914641845703, -0.04545951637083054, 0.092445094921875, -0.10265087095947266, -0.21856944385742189, 0.11159314405273438, -0.16389487272949219, 0.03406637642453194, 0.05457256396484375, 0.004004365791010857, 0.215209668828125, 0.01559571099351883, 0.10705149036621094, 0.021229067363302708, -0.009002101090772747, 0.014611768846353292, 0.02571765850975931, -0.049416335245752334, 0.06652321479797363, -0.14577278830078125, 0.19780282012695313, -0.2932848785058594, -0.092885061796875, 0.05120569996826172, 0.16409995954101564, 0.03002840651096344, -0.03077833218646288, 0.11962357896484375, 0.046225512445449826, 0.08672134104248047, 0.03209453473583579, -0.021225677898013592, 0.1108138201220703, 0.02620599521684885, 0.2870128065917969, 0.015357941219619512, -0.19988033706054686, 0.19853075971679687, -0.0941578824609375, -0.21858079319335938, 0.19974904958007814, -0.06081508145874023, -0.11468739887695313, -0.0789407139807129, -0.008003684282081723, 0.11089768303710938, 0.26530373734375, -0.21625294663085937, 0.1248517804345703, 0.027905468442192077, 0.1508875115527344, 0.32499794376953123, -0.14656823041503905, 0.21213146767578125, 0.014036926321146488, 0.1044300558544922, 0.12449585907226562, -0.0812750873388672, -0.02292280283951044, -0.03662666609836578, 0.014638112197942733, 0.013218463862985372, 0.0492444870916748, -0.13444952545898436, 0.09938396309326172, -0.467099668828125, -0.06508644514282226, -0.05529635037841797, 0.358459668046875, -0.15117814740234375, 0.26968098682617186, -0.13319289362304687, 0.09190387540039062, 0.009061454189343452, 0.1518785038623047, -0.02132933396000266, -0.11696661548095703, 0.10631093131347656, -0.007759272534015179, -0.12524382545166016, 0.033363559358558656, -0.08694569007324218, -0.14833383894042967, -0.09086619404785157, 0.0003517580272984505, 0.055370140463256834, 0.5090836985351562, 0.05363413506242752, -0.15508672610839844, 0.005068479376636743, -0.041585262552070616, -0.059352794285888674, 0.008662515186385512, -0.10754296647949219, 1.24735759921875, -3.2191397728125, -0.12063093358886719, -0.00013575180953860283, 0.14625009967285157, 0.0018907853368330002, -0.17138021690917968, 0.09417439525634766, 0.10085059771484375, -0.05250690104217529, -0.06804303259643554, -0.13641535802246094, -0.03761248741486072, -0.23922672579101562, -0.14239425130859376, -0.04176122605926514, -0.015397244346615076, -0.07682085799682617, -0.06005523780151367, -0.0900156488671875, 0.0412004858682251, 0.12698006305175782, -0.19065400274414063, -0.06720690871582032, 0.033378219432110785, 0.02306332565186024, -0.0971477161303711, 8.848506985783577e-05, 0.18884441532226562, 0.034842959471817016, 0.07735368969665528, 0.2719828914453125, -0.16235478574707032, 0.08689848900024415, -0.3228536677539062, -0.10991362690429687, -0.00419113342400074, 0.13994786491699218, -0.26160891927734375, 0.21857348610351562, -0.030124786725580693, 0.08631787197509766, 0.11658526303710938, -0.022709491813254358, -0.06637542310302734, 0.017048104036160708, 0.11145504415039062, 0.30449542341796876, -0.024866201339592935, -0.021527878210074902, 0.09692882538574218, 0.010166761208953858, 0.056480049807281496, 0.04117026551673889, -0.006655293622224331, -0.055014472943115234, 0.08665657195800781, -0.03404374330778122, 0.21560786265625, -0.1050047437548828, -0.214566058125, -0.1779690790722656, -0.12740026432128906, -0.20763254247070312, 0.35707355046875, -0.11957544927734375, -0.01964145858093262, 0.07707478721374511, -0.12194578943603515, 0.13442767775878905, 0.1333073400048828, 0.02601547647345543, 0.09572551064453125, -0.2291278260253906, -0.07613145171142578, -0.02280252758989692, -0.16068088799804686, -0.2900097997558594, -0.07567903748168946, -0.1664474817138672, -0.17846804304199218, 0.1308523430810547, 0.06642958618400574, -0.05741629874786377, -0.12578177981933594, 0.12676618095214845, 0.15786496028320313, -0.06862476727478027, 1.395391693515625, -0.04499887886959076, -0.03569852480791092, 0.07483693545532226, -0.13939831154785157, 0.050475131818618776, 0.11890668186035157, -0.07206859561523438, 0.08905063359375, 0.07758534627319336, -0.18743126314453126, -0.05473652101898193, -0.10010598481689453, 0.0908577040234375, -0.018993970005693434, -0.06588707502441406, 0.0011000090464627743, 0.03924974225219011, -0.012178333384251595, -0.017451699021942615, 0.017544418986451624, 0.14983538249023437, -0.038823717507715225, -0.14759899728515624, -0.629002434296875, 0.03391972288136959, 0.10552735921386719, -0.0692689457800293, -0.029712821142151357, 0.15456144711425782, -1.0730450778125, -0.120836383515625, 0.20020714149414062, -0.018739181680390835, -0.06680124762546062, 0.04997723819011688, 0.050049652360839844, -0.012985684591716527, -0.23014605823242187, -0.020016260498025417, 0.0029861184950196744, -0.9648846612890625, -0.02847885046292305, 0.13137738288085937, 0.11572393581298829, 0.03634246663101196, -0.006129930573954582, -0.017037746320512293, -0.1566984289111328, 0.15662098678710937, -0.060098598645019534, 0.15102405086425782, -0.07341454394042969, 0.016968872833093406, -0.012072144747342467, -0.11485144340820312, -0.036891693403697016, -0.1923135627734375, -0.05449797929309845, 0.009631591459987163, -0.31976633841796875, 0.018477599860403537, -0.22736760721679689, 0.09696022970214843, 0.20922954614257813, -0.05118018507011413, -0.10374180687011719, 0.00716255460026741, -0.1786108921826172, -0.12684374380371094, 0.2503442901953125, -0.11402959855957032, -0.018993961192405224, 0.1491532687841797, -0.22909192365234374, -0.042195670233039856, -0.09769749538330078, 0.07229039139038086, -0.09679534593017577, 0.0027094832808625697, 0.04973730788269043, 0.15583036266113282, -0.24447055377929688, 0.029228501342988013, -0.1148484750390625, -0.1683883089013672, -0.15529352843261718, -0.03280068080792427, 0.02411177395026207, 0.09099539227539062, 0.32383900619140626, 0.07536227178222656, 0.0726780876953125, -0.1925219551171875, -0.03606564757511139, -0.14344901135742189, -0.08540152099365235, -0.03134088645972729, -0.11281986872070313, -0.0006705501949250698, -0.026699620068969726, 0.06452773899658203, 0.1010358721484375, 0.01335482576770246, 0.0007445250198626518, -0.21188876172851562, -0.2590157298535156, -0.03248720457312584, -0.029978798473100664, 1.26093783578125, 0.00021831247678875924, -0.12967777094726562, 0.09561755700439453, -0.2731797679296875, -0.5227267993359375, -0.042132584736938476, -0.17435216094726563, -0.22262674421875, 0.18953527388671876, -0.12801128624511718, 0.00806262675799966, -0.08076866813354493, -0.03652090266155243, -0.14835857456054688, -1.315416044375, -0.013248272963057757, -0.02811723365670681, 0.21693789537109376, 0.06865362763458252, -0.05340696842224121, -0.1873838347753906, -0.014096240901663303, -0.19839362251953124, -0.002185588202495575, -0.04458326387985229, 0.03139761665188551, 0.10039853483642579, -0.01669881480175972, -0.17700492259765624, -0.1475870139892578, -0.19292184375976562, -0.06630496743041993, 