{"model": "hindi_54M", "lang": "hindi", "layer": 3, "d_model": 512, "n": 25000000, "seq_len": 512, "dropped_bos": true, "act_mean": [0.09822626167304993, -0.11846352396820069, 0.15721248939941407, 0.10321957909610749, 0.08506798483352661, 0.003521663391368389, -0.1279346473220825, 0.016033530671986342, 0.14530413132751466, 0.194677820546875, -0.22618313298828124, -0.15675631364990233, 0.06493287042183399, 0.32162710076171874, 0.07080242016272068, -0.37713217994140624, 0.021543655905461312, 0.11062271045501709, 0.0637064679750061, -0.2678763977636719, 0.07597475956216812, -0.07004466597847939, 0.3936701371484375, 0.5074038081054687, -0.3023444385449219, -0.039919041242198944, -0.08230597116811753, 0.2949419652832031, 0.15062033364257812, 0.3094133965234375, 0.10909097847066879, -0.17661020215576173, -0.17859165255859374, -0.4433662520703125, 0.1768216068334961, 0.17580435584472656, -0.11618553343261719, -0.4460448434375, -0.6372400931640625, -0.3843312328417969, -0.4188534084765625, -0.14256041089599608, 0.04558786588315487, -0.30120997505859376, 0.1399320587524414, 0.22246792817382813, 0.9618136961328125, 0.7201179330859375, -0.016049176603975295, -0.0811437334815979, -0.04607128078279495, -0.24341291199707032, 0.2079774565258789, -0.2845778614160156, -0.14263494457885742, 0.10549041840545655, -0.5120968903125, 0.07500694481361389, 0.1328705443562317, -0.06504817641728759, 0.417819551484375, -0.24817291834960936, 0.09001799643109322, -0.03534415922642231, 0.2091294962890625, 0.05972435775051117, -0.10554057000976562, 0.018724538800725936, 0.42858205650390624, 0.02941933712635994, 0.3279794554589844, -0.09619733198191166, 0.15055891283691406, 0.1696064623486328, 0.07432116832108975, 0.05890961776141167, 0.2094739325390625, 0.006024671181182861, 0.007725387526369095, -0.11111896843414307, -0.07074800828491211, 0.6915387131835937, 0.2149675739746094, -1.42027468671875, 0.06665982542825699, 0.2027280557421875, -0.16968836361572265, -0.009423756882023812, 0.31122270161132815, -0.04780129770760536, 0.13758492763671876, -0.20808927821777343, 0.13587052903930663, 0.08583579898983001, 0.10861654059478759, 0.10805376339523315, -0.00021866601400375365, -0.14994641655029298, 0.14129948235839843, 0.16645248655273437, 0.0038706895129442215, 0.17240604900146483, 0.12310592664733887, -0.038548216974852084, -0.0627343718200636, 4.6827195453125, 0.4634384664453125, 0.1493082003100586, -0.16947361403808595, -0.5538532376367188, 0.09587068409543992, 0.02547767318342209, -0.03169186593277931, 0.014577727596006394, 1.073017262734375, -0.0956862563142395, 0.257205340234375, 0.29715817791015625, 0.01908646858159542, -0.3849031189257813, 0.29185858430664063, -0.0056854603936553, 0.15840698198486328, -0.1149942416204834, 0.06292994762573242, -0.014385138043680192, 0.1635932730541992, 0.09864371839431763, -1.8166092121875, -0.27624782573242185, -0.18004381655273438, 0.11273748749481201, -0.058293398663778306, 2.704532023125, -0.07687213517642975, 0.30095598087890624, -1.779981483046875, -0.31261631283203123, 0.03711834200278282, 0.23822552848144532, 0.07581223650613785, 0.21975401900390626, 0.03698595947766781, -0.08799748250572205, -0.19878901991455078, 0.19052534001953125, -0.20904789585449218, 0.06769308133930206, 0.12915901134765626, -0.03359868350083351, -1.72975479328125, 0.104465139269104, -0.09924879656936646, 0.04209204333561897, -0.32813877756835935, 0.18185625002929687, 0.2559428639355469, -0.22687704000488282, 0.27880510047851564, -0.09685174955307006, 0.3083307760449219, -0.02133210556544304, -0.08939898717971802, -0.046783477007226945, 0.009259398199067116, 0.2722239515527344, 0.29041638854492186, -0.3283880053320313, 0.20004632802246095, -0.25391412939453123, -0.5929494905859375, 0.21720093080078126, 7.58708641875, -0.13060638452575685, -0.03221699721399069, 0.06304216891252518, -0.1649750326611328, 0.33665, -0.010779880279135704, -0.17437700894042968, 0.3124311509765625, 0.10041821117397308, -0.27247562077148435, -0.05574335657653809, -0.05098174888248205, -0.04115318493888855, -0.12827703470703125, -0.20868306290039063, 0.04597536166248321, -0.02695117844627619, 0.0268082336997962, 0.3659420615625, -0.03782958432256579, 0.3557777660644531, -0.524513507265625, 0.1880796805004883, -0.035436696784038546, -0.12530303513671875, 0.3718174987890625, 0.33073076634765625, 0.43260600314453124, 0.319979321015625, 0.35874844396484373, 0.17182515153320313, 0.07499670785347938, 0.13133606430236816, 0.02781230707206011, 0.022828790191961528, 0.3030179888183594, -0.040307793036791086, 0.08988973283706427, 0.14402145199951172, -0.2779034805078125, -0.43246943784179687, 0.13061663596069337, 0.06222289144654751, -0.02825246256746292, -0.21432672669921876, 0.17405456489257812, 0.3151561331152344, -0.267708689375, 0.005029160367099047, 0.2688157516699219, -0.10675004360473633, -0.11693131486663819, 1.356606425390625, -0.2667864135253906, -0.16688697426757812, 0.4332172699609375, -0.0029213362154483797, 0.08909649526153564, -0.19731751530273436, 0.10764121671051026, 0.2638165679589844, 0.11912569159729004, 0.09038072472297669, 0.03700343591742516, 0.0013771051933765411, -0.16307417057617188, -0.20528227214355468, 0.37787840106445314, 0.14886980566955565, -0.11169060428771972, 0.26495746400390624, 0.02748082444249153, 0.05564268149825096, 0.04853224015828132, -0.982988444140625, -0.09910321773033143, 0.09799648861953736, -0.11713645044677734, 0.04167225417261839, 0.36817261228515624, 0.21642545861328125, 0.07884103872667074, 0.15044906286621093, 0.0636404167150879, 0.04474477290922642, -0.1658032124609375, 0.2817470630566406, -0.09629289107183456, 0.294518697578125, 0.07051858730480194, 0.00650038316747427, -0.011210648791716099, -0.13646910644897461, -0.04251145606422186, -0.09532797791450501, 0.47384156470703126, -0.09293880534469605, -0.019996546530148984, 0.21401311183105468, 0.2762823956640625, -0.23430359663085937, -0.005610336963181496, 0.3715542606347656, 0.18498630431640625, -0.17394216649414063, -0.43240410564453124, 0.3495815579394531, -0.10547942793609619, -0.19155396211914064, -0.043546535228719714, -0.21122055213378907, -0.16621155916259767, 0.5977096440625, 0.2777701478027344, 0.5110812226367187, -0.37267320494140627, 0.14496128868896485, 0.08805338776901245, -0.15334810846435548, -0.24140244092773439, -0.09908838905086517, -0.14094840155517577, 0.20878941749023439, -0.2182218920715332, 0.35010924912109376, -0.1677318730932617, 0.06442181893502236, -0.16495743176757813, -0.02515522863448262, 0.12661755295532226, -0.2599885408203125, 0.1758785032495117, -0.0768227095601368, -0.08895959080322266, 0.08525812002271652, -0.10591822617993354, -0.13942131069824218, 0.08304197308850289, -0.12048393360412597, -0.20241596102050782, 3.394909043125, 0.3389636397167969, 0.1642487340600586, -0.09551163842170715, 0.45523427306640624, -0.12997511270507814, 0.1684371689102173, 0.008564583854196072, 0.16851198353515626, 0.009654232110190392, 0.01693091449179411, 0.6113773942578125, -0.17742920984375, 0.16026598140625, 0.01277590420273304, -0.03575891998277187, 0.23457375549804688, -0.00920406003613472, 0.1897198079272461, 0.014232433830814361, 0.0375947111619091, 0.44608122267578126, 0.03287736319982529, -0.27460368916015626, -21.136977475, 0.10015135407772065, -0.05894691508316994, -0.23776876567382813, 0.36609993287109377, 0.20370564272216796, 0.014900654636467696, -0.203488116484375, 0.564286605703125, -0.11470958004089356, 0.40394996001953126, -0.26917745291015627, -0.07278039350027084, 0.2931963361621094, 0.22667093788085937, 0.04896193603623629, -0.022126958614103794, -0.02113318528369069, -0.0966330856604004, 0.25806781138183593, -0.3180357733203125, 0.23033931830566406, 0.250292108125, -0.1690337560131836, 0.08512863017925262, -0.14039899817871093, -0.10015594171092987, -0.272174277421875, -0.05990463555171967, 0.2536017563867187, 0.6113695434375, 0.1438639083178711, 0.18302901794921875, -0.1863665096044922, 0.046025586571559904, -0.05416719431333542, -0.11876764797973632, 