{"model": "random_bengali_b", "lang": "bengali", "layer": 3, "d_model": 512, "n": 25000000, "seq_len": 512, "dropped_bos": true, "act_mean": [-0.07541512020996094, 0.07643359954589844, 0.024178981492919922, -0.001614408743019104, 0.021686589006347658, -0.10156322608398438, -0.2873244719824219, -0.03464483828735351, 0.14295657670410156, 0.11151165790527344, 0.089488737265625, -0.005229877405700684, 0.36657901060546877, 0.02269430605957031, 0.30628319486328126, -0.08920743250488282, 0.049894683674316403, 0.06999922872070312, 0.11411977738769531, -0.171452763203125, 0.04024361107177735, 0.15420153923828125, -0.07636416834960938, -0.10891144283203125, 0.028115102080078124, -0.08233550111816407, -0.08793061423828125, -0.149866476328125, -0.18703445611328126, -0.07306729811035156, -0.044907503024902345, 0.32286996951171876, 0.024732337008056642, 0.0016296428967952727, -0.15721623942382812, -0.031296744212646485, 0.10709810079101563, 0.23692153065429689, -0.27634575124023436, -0.01982083924194336, 0.12121457846679687, -0.263202800859375, 0.10896388595214844, 0.09598942586425781, -0.12019963357910156, 0.09974804231445313, -0.06221718829345703, 0.03643193761962891, 0.17888530928710938, -0.09262787424316406, -0.029980279545898436, 0.15622135432617187, 0.09035196865234375, 0.11664311408691407, 0.12105535625, -0.10260537628417969, -0.2292343069921875, -0.07890750917480469, -0.062047418125, 0.06607558961914063, 0.02105691601196289, -0.17272044647460938, -0.11134641243164063, 0.3792191229296875, -0.10646403236328125, 0.16317152713867186, 0.0007617853784775733, -0.02986290552001953, -0.24190960231445313, -0.0349404982824707, 0.021829888294677736, 0.15426684513671876, 0.3289327263867188, -0.029196029194335938, -0.09540575782226562, 0.13899847260742187, -0.09969823303710937, -0.10003308437988281, 0.002220631472740173, -0.18024007172851564, -0.04522716576416016, 0.29482804263671875, -0.049222901896972655, -0.0965656084765625, 0.011675570288696289, 0.20187556795898437, -0.2233190513671875, -0.020123584436035156, -0.19184306631835937, -0.1846338555859375, -0.10421225495605468, 0.10381986969726563, 0.14330273011230468, 0.08576754236816406, -0.21135386010742188, -0.17798431583984375, -0.2142029288671875, -0.24176553396484374, -0.07644558085449218, 0.00290369640499115, 0.08918659623046875, -0.07431490354492187, 0.023112931973876955, -0.20092518701171874, 0.10310633602539063, -0.2519624710546875, 0.051016813786621096, -0.021187487241210938, 0.061186473217773436, -0.023586604556884765, 0.010124734770507812, -0.14096125928222655, -0.16459496502929688, -0.24115295345703125, -0.13808504907714844, -0.044551732348632814, 0.18041438938476562, 0.0019837038181495666, -0.30795898814453126, -0.14026405473632814, -0.113755514921875, -0.09037188819824218, 0.06646214791992187, 0.038820558903808595, -0.038761266145019534, 0.13536108477050782, 0.07519794580566407, -0.24485767391601562, 0.31882128720703123, -0.11373042397949219, -0.024549308173828124, -0.10957374373535156, -0.17092577559570313, 0.01473116179626465, 0.09750793532226562, 0.1596412871484375, 0.15810665349609376, -0.09574796828613281, 0.0368938448425293, -0.14961791068359376, 0.17684969547851562, 0.03777673790283203, -0.0716729482006836, 0.19327044536132812, -0.258950896953125, -0.11189262496582031, 0.2046458530078125, -0.08806532915527343, -0.047498214509277346, 0.114265785078125, -0.324616311640625, -0.005869936936950684, -0.042518427424316406, 0.05081892662597656, 0.08644096264648438, -0.03868648467041016, 0.23054821771484374, 0.08218758989746094, -0.25367813974609377, -0.16045308819335938, 0.315227381328125, -0.051633831765136716, -0.12327300902832031, -0.26438085224609376, 0.01644988217102051, 0.0499061984375, 0.22883187333984376, 0.19884621787109374, 0.03437250860595703, 0.27919640712890625, -0.0341032354284668, 0.23365167775390625, -0.3531536468359375, 0.28198026015625, -0.294876792578125, -0.23538210359375, 0.064840235625, -0.0929433194921875, -0.014150300201416015, 0.2503860497363281, 0.08648884021484375, 0.2238912284472656, 0.25897486286132815, 0.05486672906738281, -0.28560862732421877, 0.08893226466308594, 0.15817061986328124, 0.032186618475341794, 0.2024641098046875, -0.021186524884033203, 0.14774725321289062, 0.05604952832763672, -0.1336455646142578, 0.054528117312011716, -0.05107588618408203, -0.0009012785780614615, 0.3111979850390625, -0.15646277456054689, 0.039752469294433594, -0.1773797165625, -0.19956819831054687, -0.03539861753173828, 0.11317130009277344, -0.07026178065917969, -0.00915788134185791, -0.09239892415039062, -0.053768489296875, 0.0002335211901307106, 0.16188778711914062, -0.03624368751464844, 0.05243413360351563, -0.06878297303710937, 0.09518366564941406, 0.24133098938476563, -0.15142280240234374, 0.22557815724609376, -0.015461946145629882, 0.14360269928710936, -0.15862816463867188, 0.1196110020263672, 0.02555610823120117, -0.10622919244140624, -0.042964299338378906, 0.05177891375732422, 0.014361811071166993, -0.25791782885742187, -0.023137996130371093, -0.20789778290039063, 0.062137802534179686, -0.11485339841796875, -0.216934419296875, -0.059586476740722656, 0.24456684026367187, 0.04510593263427734, 0.09404452753417969, -0.21306526599609374, 0.382974166171875, -0.024733210782470705, 0.04211962056884765, -0.16443620635742187, -0.3049588846679688, 0.26997196109375, 0.010342394810791015, 0.3243078008203125, 0.16364118536132813, -0.27258142461914064, 0.12360731880371094, -0.07316723017089843, -0.17355001134765624, 0.27633990674804687, 0.07294358745605468, 0.05442643090332031, 0.0926826775390625, -0.11919886438476562, 0.08324797931640625, -0.09533499825195313, 0.29198259703125, -0.125193726171875, 0.15777105973632813, -0.07829553939941407, 0.06557040365722656, -0.07875181648925782, -0.061160365224609374, 0.105636199140625, 0.03160694763427734, 0.11980428658691407, 0.39600735037109375, -0.13345573579101563, -0.2575489383496094, -0.03166877927734375, 0.035470242803955075, -0.22831127473632812, 0.026744489486083985, -0.355377559765625, -0.08299491800292969, 0.16732206999023438, 0.07490774344238281, -0.29072327236328127, -0.32623574078125, -0.030620627795410155, 0.022205304979248046, -0.040259120510253904, 0.11912469860351563, 0.034593255427246096, -0.04327243998291016, -0.049291638757324216, 0.07202466625732422, 0.11504715427734374, 0.08447117289550782, -0.21664083446289062, 0.10812383202148437, 0.05783738931396484, 0.04217949456542969, 0.0605043854296875, -0.03530471666625976, -0.06314796966552734, -0.10926659820800781, 0.017204369899291992, 0.13507140454101563, -0.009014950289001464, 0.16081054302734374, -0.014561544797973633, 0.06330675119628906, -0.15083228025390624, -0.36968432716796873, -0.007360654407043457, -0.027438636682128908, -0.081251770546875, -0.26560968083984376, 0.04302776049316406, 0.025387363380126954, -0.20622952005859374, -0.09282439422363281, 0.01012482708251953, -0.054812862653808594, -0.09180396432128907, 0.014321110557250976, 0.0034131217402648927, 0.11021244928222657, 0.0017750335467529297, 0.0005170422993898392, 0.18000699415039062, -0.149976391875, 0.14189408687011718, -0.1907795324316406, -0.06340023995117187, -0.1671564913574219, 0.02437858663696289, 0.05468984815429687, 0.20689217193359374, -0.07259506227539063, -0.475214879375, -0.14144440606933595, -0.1304533959033203, -0.14465729427734375, -0.20181961251953126, 0.028423700538330078, 0.03741077017089844, -0.027090462294921874, 0.278931372421875, -0.288369410390625, 0.2632826713769531, -0.008726902804260254, -0.057792450654296876, 0.31951747, -0.1219337401953125, 0.2482487701953125, -0.12493331838867187, 0.0890142788671875, 0.047860522800292966, 0.07903320463867188, 0.07024834638671874, -0.013622139949951172, -0.34643536369140626, 0.1319526710546875, -0.20834636978515625, 0.13045679649414063, -0.14379134716308595, 0.13312833043945313, 0.06628478249023438, 0.08957559385742188, -0.18101852590820314, -0.10368637223632812, -0.09358898578125, -0.2021387953515625, 0.07418508945800781, -0.12710831039550782, 