{
  "criterion": 0.03,
  "floors_moved": [
    "H-M",
    "M-B"
  ],
  "pairs": {
    "H-M": {
      "trained_old": 0.5053173510025291,
      "trained_new": 0.548804398266286,
      "floor_old": 0.4916823568924831,
      "floor_new": 0.45860313733951785,
      "delta_old": 0.013634994110045984,
      "delta_new": 0.09020126092676817,
      "ci95_new": [
        -0.04579066646158825,
        0.2260201577421063
      ],
      "ci_corrected_new": [
        -0.07664806328812844,
        0.26542778934303407
      ]
    },
    "H-B": {
      "trained_old": 0.5099402425705264,
      "trained_new": 0.5004440415545353,
      "floor_old": 0.31520149138459574,
      "floor_new": 0.3277308469155974,
      "delta_old": 0.19473875118593065,
      "delta_new": 0.17271319463893786,
      "ci95_new": [
        0.006257791765797466,
        0.3339535907419539
      ],
      "ci_corrected_new": [
        -0.02896070913916284,
        0.3717667357390287
      ]
    },
    "M-B": {
      "trained_old": 0.43295607314837,
      "trained_new": 0.4305691313721377,
      "floor_old": 0.415575292991551,
      "floor_new": 0.3835886913847297,
      "delta_old": 0.017380780156818987,
      "delta_new": 0.04698043998740803,
      "ci95_new": [
        -0.07315441218323694,
        0.16977719868874216
      ],
      "ci_corrected_new": [
        -0.10060210749525317,
        0.19843952092151598
      ]
    }
  }
}