{
  "label": "H-M",
  "n_concepts": 129,
  "rho": 0.548804398266286,
  "null_mean": 0.0005756448720299778,
  "null_sd": 0.04437723278547196,
  "p": 0.0001999600079984003
}