{
  "label": "floor_H-B_b",
  "n_concepts": 129,
  "rho": 0.3439125706745873,
  "null_mean": -0.0016731545234629393,
  "null_sd": 0.07913161571786552,
  "p": 0.0001999600079984003
}