{
  "label": "H-B",
  "n_concepts": 129,
  "rho": 0.5004440415545353,
  "null_mean": -0.00013587372674351704,
  "null_sd": 0.044801100962224616,
  "p": 0.0001999600079984003
}