{
  "label": "floor_M-B",
  "n_concepts": 199,
  "rho": 0.3835886913847297,
  "null_mean": -1.3787508378077007e-05,
  "null_sd": 0.06547380699062215,
  "p": 0.0001999600079984003
}