{
  "label": "ceiling_H",
  "n_concepts": 129,
  "rho": 0.9387894814215174,
  "null_mean": -8.828775400414775e-05,
  "null_sd": 0.04476110393002801,
  "p": 0.0001999600079984003
}