{
  "label": "ceiling_H_honest",
  "n_concepts": 129,
  "rho": 0.9336213103304388,
  "null_mean": -0.00010869393264569483,
  "null_sd": 0.04455193240833556,
  "p": 0.0001999600079984003
}