{
  "label": "floor_H-M",
  "n_concepts": 129,
  "rho": 0.45860313733951785,
  "null_mean": -0.000207789052857712,
  "null_sd": 0.07797959390762309,
  "p": 0.0001999600079984003
}