{
  "label": "floor_H-B",
  "n_concepts": 129,
  "rho": 0.3277308469155974,
  "null_mean": -0.0013921204776053745,
  "null_sd": 0.08004756409067734,
  "p": 0.0001999600079984003
}