{
  "label": "M-B",
  "n_concepts": 199,
  "rho": 0.4305691313721377,
  "null_mean": -0.00033905061002900434,
  "null_sd": 0.037933398291325596,
  "p": 0.0001999600079984003
}